102.7,Pop Music
88.9,Pop Music
95.5,Pop Music
105.7,Pop Music
96.7,Pop Music
97.7,Pop Music
87.1,Pop Music
90.7,Pop Music
103.3,Pop Music
103.9,Pop Music
104.3,Pop Music
88.3,Religion
91.7,Religion
92.1,Religion
92.5,Pop Music
92.9,Pop Music
93.5,Religion
93.9,Pop Music
94.3,Pop Music
94.7,Pop Music
96.1,Religion
97.1,Religion
98.3,Religion
99.1,Pop Music
99.9,Religion
100.9,Religion
101.3,Religion
101.7,Pop Music
102.3,Religion
105.1,Religion
106.5,Pop Music
107.5,Pop Music
107.9,Pop Music
95.1,Religion
103.5,Religion
